user_id,region
100,Cairo
101,Alex
102,Aswan
103,Giza
104,Aswan
105,Giza
106,Aswan
107,Cairo
108,Giza
109,Cairo
110,Cairo
111,Aswan
112,Giza
113,Cairo
114,Aswan
115,Aswan
116,Aswan
117,Giza
118,Giza
119,Giza
120,Aswan
121,Cairo
122,Giza
123,Alex
124,Alex
125,Alex
126,Alex
127,Aswan
128,Aswan
129,Aswan
130,Cairo
131,Cairo
132,Aswan
133,Alex
134,Giza
135,Cairo
136,Cairo
137,Aswan
138,Giza
139,Cairo
140,Aswan
141,Aswan
142,Cairo
143,Cairo
144,Giza
145,Aswan
146,Giza
147,Aswan
148,Giza
149,Giza
150,Alex
151,Aswan
152,Alex
153,Alex
154,Cairo
155,Cairo
156,Cairo
157,Alex
158,Cairo
159,Aswan
160,Alex
161,Giza
162,Cairo
163,Aswan
164,Aswan
165,Alex
166,Giza
167,Aswan
168,Giza
169,Aswan
170,Giza
171,Giza
172,Giza
173,Cairo
174,Alex
175,Aswan
176,Cairo
177,Alex
178,Giza
179,Aswan
180,Cairo
181,Cairo
182,Alex
183,Cairo
184,Giza
185,Cairo
186,Cairo
187,Giza
188,Aswan
189,Aswan
190,Giza
191,Alex
192,Alex
193,Cairo
194,Alex
195,Alex
196,Alex
197,Giza
198,Cairo
199,Giza
200,Cairo
201,Alex
202,Giza
203,Aswan
204,Alex
205,Giza
206,Cairo
207,Aswan
208,Cairo
209,Alex
210,Cairo
211,Giza
212,Cairo
213,Alex
214,Aswan
215,Alex
216,Cairo
217,Aswan
218,Alex
219,Alex
220,Aswan
221,Aswan
222,Aswan
223,Alex
224,Alex
225,Aswan
226,Alex
227,Aswan
228,Alex
229,Alex
230,Giza
231,Alex
232,Aswan
233,Aswan
234,Alex
235,Alex
236,Giza
237,Aswan
238,Aswan
239,Aswan
240,Giza
241,Alex
242,Aswan
243,Cairo
244,Alex
245,Giza
246,Alex
247,Cairo
248,Cairo
249,Giza
250,Cairo
251,Alex
252,Cairo
253,Aswan
254,Cairo
255,Cairo
256,Aswan
257,Giza
258,Alex
259,Giza
260,Alex
261,Alex
262,Aswan
263,Giza
264,Aswan
265,Alex
266,Giza
267,Cairo
268,Cairo
269,Giza
270,Giza
271,Aswan
272,Cairo
273,Giza
274,Alex
275,Cairo
276,Alex
277,Aswan
278,Alex
279,Aswan
280,Alex
281,Alex
282,Cairo
283,Cairo
284,Cairo
285,Alex
286,Cairo
287,Aswan
288,Cairo
289,Aswan
290,Giza
291,Giza
292,Cairo
293,Giza
294,Cairo
295,Giza
296,Aswan
297,Cairo
298,Aswan
299,Alex
300,Giza
301,Aswan
302,Alex
303,Alex
304,Alex
305,Aswan
306,Aswan
307,Alex
308,Alex
309,Alex
310,Aswan
311,Alex
312,Giza
313,Aswan
314,Giza
315,Alex
316,Giza
317,Aswan
318,Alex
319,Alex
320,Giza
321,Cairo
322,Alex
323,Cairo
324,Alex
325,Alex
326,Giza
327,Aswan
328,Giza
329,Aswan
330,Cairo
331,Alex
332,Giza
333,Giza
334,Aswan
335,Giza
336,Giza
337,Cairo
338,Cairo
339,Cairo
340,Alex
341,Alex
342,Giza
343,Alex
344,Cairo
345,Alex
346,Giza
347,Giza
348,Alex
349,Cairo
350,Alex
351,Aswan
352,Giza
353,Cairo
354,Cairo
355,Alex
356,Aswan
357,Alex
358,Alex
359,Aswan
360,Giza
361,Giza
362,Alex
363,Giza
364,Giza
365,Giza
366,Aswan
367,Aswan
368,Alex
369,Giza
370,Cairo
371,Aswan
372,Cairo
373,Alex
374,Cairo
375,Aswan
376,Giza
377,Alex
378,Aswan
379,Aswan
380,Cairo
381,Cairo
382,Aswan
383,Alex
384,Aswan
385,Alex
386,Aswan
387,Aswan
388,Alex
389,Giza
390,Giza
391,Cairo
392,Alex
393,Cairo
394,Cairo
395,Cairo
396,Alex
397,Aswan
398,Cairo
399,Alex
400,Alex
401,Giza
402,Alex
403,Cairo
404,Giza
405,Cairo
406,Aswan
407,Cairo
408,Alex
409,Cairo
410,Aswan
411,Aswan
412,Giza
413,Aswan
414,Aswan
415,Alex
416,Cairo
417,Aswan
418,Aswan
419,Aswan
420,Giza
421,Cairo
422,Aswan
423,Giza
424,Aswan
425,Giza
426,Cairo
427,Giza
428,Giza
429,Cairo
430,Giza
431,Cairo
432,Alex
433,Alex
434,Giza
435,Giza
436,Cairo
437,Cairo
438,Alex
439,Aswan
440,Alex
441,Cairo
442,Cairo
443,Aswan
444,Cairo
445,Giza
446,Giza
447,Aswan
448,Alex
449,Giza
450,Alex
451,Cairo
452,Cairo
453,Aswan
454,Alex
455,Giza
456,Cairo
457,Cairo
458,Giza
459,Aswan
460,Cairo
461,Giza
462,Aswan
463,Giza
464,Giza
465,Giza
466,Cairo
467,Cairo
468,Alex
469,Alex
470,Alex
471,Aswan
472,Alex
473,Alex
474,Alex
475,Aswan
476,Aswan
477,Giza
478,Giza
479,Giza
480,Alex
481,Alex
482,Alex
483,Aswan
484,Giza
485,Giza
486,Giza
487,Aswan
488,Alex
489,Giza
490,Giza
491,Giza
492,Giza
493,Cairo
494,Aswan
495,Cairo
496,Alex
497,Cairo
498,Aswan
499,Giza
